Full_ROI_ID,Ground_Truth_Label,Confidence,ca_std,ca_skew,ca_num_peaks,ca_energy,ca_kurtosis,circularity,solidity,area_px,aspect_ratio,extent,eccentricity
20250409_1_ATP_100uM_component_102,OPC,1.0,218.5420923996492,3.978993152270525,3,59703536.558734365,19.5938584936953,0.44396616676889916,0.7189542483660131,110.0,1.0,0.3806228373702422,0.948737481572215
20250409_1_ATP_100uM_component_103,Oli,1.0,79.11020857925095,0.7126298108570742,3,15980783.255900048,-0.24044053884414573,0.7367399307572706,0.8392857142857143,47.0,0.75,0.5340909090909091,0.8629696167655075
20250409_1_ATP_100uM_component_106,OPC,1.0,1575.9926751083633,1.3533662122795385,0,3519560118.69837,0.46855616977582004,0.920750958730385,0.9326923076923077,97.0,1.0,0.6736111111111112,0.8180446170350295
20250409_1_ATP_100uM_component_107,Astro,1.0,55.65869796958844,1.7171492303940021,6,4803844.136168769,2.816129363213495,1.0297119769200695,0.9655172413793104,65.0,0.8181818181818182,0.7,0.720809522707575
20250409_1_ATP_100uM_component_108,Astro,1.0,92.75462406675142,4.010273824981453,1,10300437.041757658,18.430653952268973,1.2170410587276164,1.0,54.0,1.0,0.8775510204081632,0.39781471223220566
20250409_1_ATP_100uM_component_11,Astro,1.0,164.06615350925495,1.3955533766205719,3,41673101.86708158,1.101158715995333,0.34777485754295384,0.4260355029585799,72.0,1.1666666666666667,0.21176470588235294,0.9353100348335723
20250409_1_ATP_100uM_component_110,OPC,0.8,82.31801839128593,2.1355272279165227,7,9930080.489422575,5.033741758390075,0.4326992260342974,0.6861313868613139,103.0,1.3076923076923077,0.4895833333333333,0.8265371677595186
20250409_1_ATP_100uM_component_112,OPC,1.0,56.169430414785374,4.839392417636048,1,3892250.104753806,36.17444066851175,0.7814968624844985,0.7674418604651163,82.0,1.0,0.515625,0.6340538282587415
20250409_1_ATP_100uM_component_114,OPC,1.0,387.78541721917315,1.0917390581427482,0,212721923.01025897,-0.655172194313522,0.7085398683758467,0.6984126984126984,80.0,1.0,0.44,0.3848531646422135
20250409_1_ATP_100uM_component_116,OPC,1.0,136.51004759913408,4.800273232058132,1,20837222.014365986,23.44004620989689,0.685546900845012,0.832258064516129,143.0,1.0,0.5733333333333334,0.7207321316829193
20250409_1_ATP_100uM_component_12,OPC,1.0,76.88281114629939,2.3381535546327963,9,8396910.963222558,5.715281937926733,1.0057184027462296,0.9560439560439561,87.0,1.0,0.71900826446281,0.6737198680122106
20250409_1_ATP_100uM_component_122,OPC,1.0,104.95649488008432,2.1061757740881535,10,16487273.26155021,4.63424220576486,0.8781032674758876,0.9152542372881356,54.0,0.9090909090909091,0.6,0.6461017881131674
20250409_1_ATP_100uM_component_124,Astro,1.0,73.96263449767807,2.592933114846654,3,7522927.6481065275,8.560870651922341,1.064367867628128,0.94,47.0,0.9,0.6527777777777778,0.5281282272187398
20250409_1_ATP_100uM_component_127,OPC,1.0,24.16411664516538,0.9894980215552683,1,1052986.2499604183,-0.17429637651874996,0.658918953523392,0.8142857142857143,61.0,1.0,0.47107438016528924,0.9154280569470606
20250409_1_ATP_100uM_component_128,Astro,0.8,120.17973865887532,1.294239282917249,4,22489130.34445878,0.6247114622354362,1.1079692847082192,0.9736842105263158,41.0,1.2857142857142858,0.7708333333333334,0.7894399401526705
20250409_1_ATP_100uM_component_13,OPC,1.0,23.79104732100049,1.8213360376420857,7,920507.8873857495,3.425926826737623,1.1190467566211404,0.9583333333333334,46.0,1.0,0.71875,0.6794524016643827
20250409_1_ATP_100uM_component_130,OPC,1.0,30.051596264751414,2.147812934915114,6,1278101.7577289576,4.988229231994623,0.7842552630757552,0.9206349206349206,58.0,2.0,0.7435897435897436,0.9089198382706581
20250409_1_ATP_100uM_component_132,OPC,1.0,157.61508815312263,2.689917721154191,8,31785906.905714534,7.187523030824924,1.0628634121628093,0.9259259259259259,50.0,0.9,0.6944444444444444,0.5958188460035121
20250409_1_ATP_100uM_component_135,Astro,1.0,30.539249770016614,0.7998136394033657,2,1904614.2399002563,-0.2765452447188341,0.3364193097289645,0.6830357142857143,153.0,0.6956521739130435,0.4636363636363636,0.7966216815263732
20250409_1_ATP_100uM_component_140,OPC,1.0,46.76470868773033,1.3775704776066915,4,3718744.9870158727,1.1393273598052822,0.9235352458594918,0.9473684210526315,54.0,1.5,0.7012987012987013,0.7866347639138893
20250409_1_ATP_100uM_component_142,OPC,1.0,46.08847378228344,1.3163985641910005,4,3652043.882518282,1.3690301917577363,1.094719653216333,0.9574468085106383,45.0,0.8,0.7142857142857143,0.6615339233456714
20250409_1_ATP_100uM_component_145,OPC,1.0,54.560699097701125,1.069481580666287,2,5631790.4396943925,0.675706823428055,0.8465739753712007,0.8979591836734694,44.0,1.0,0.5432098765432098,0.5822623318715054
20250409_1_ATP_100uM_component_149,OPC,0.8,81.144818141194,1.6039220517937967,4,10406976.234028757,2.453735413561194,0.46614963178131025,0.726027397260274,69.0,1.5555555555555556,0.5096153846153846,0.8845109205228131
20250409_1_ATP_100uM_component_150,Astro,0.75,125.09021727618136,1.1393544619284384,1,25870723.894977227,0.0156945591153419,0.555346200636266,0.7446808510638298,83.0,1.3333333333333333,0.3977272727272727,0.9539566014205623
20250409_1_ATP_100uM_component_156,OPC,1.0,33.85034216585488,2.147076936040738,10,1604043.772652847,3.8997562073096743,0.8717355933740345,0.9424460431654677,131.0,1.0666666666666667,0.6238095238095238,0.7939932137748488
20250409_1_ATP_100uM_component_159,OPC,1.0,141.4449939387486,4.321573746758156,7,23342427.310676657,19.745576618521483,0.8777816005617551,0.9305555555555556,67.0,0.7692307692307693,0.6203703703703703,0.8015109897397759
20250409_1_ATP_100uM_component_160,Astro,1.0,56.485893474295786,1.7239582952980776,7,5135098.435514126,2.938075617815998,1.2277497479199184,1.0,41.0,1.0,0.8367346938775511,0.1349135817998279
20250409_1_ATP_100uM_component_163,Astro,1.0,38.27477255968708,3.4121479106894617,6,2102602.361789296,14.613650325478265,1.0780241689052943,0.9607843137254902,49.0,1.25,0.7777777777777778,0.692434130766613
20250409_1_ATP_100uM_component_167,OPC,1.0,54.88456001639915,2.315994492995481,1,4421276.081708584,8.240435045246548,0.6839836609105526,0.8846153846153846,46.0,0.42857142857142855,0.7076923076923077,0.9532571585118573
20250409_1_ATP_100uM_component_17,OPC,1.0,35.439625828602,1.2788479750862085,4,2171336.1908060205,0.9795752338899208,0.6617075930045769,0.8518518518518519,46.0,1.75,0.5054945054945055,0.9563016888893244
20250409_1_ATP_100uM_component_171,Astro,1.0,67.6717570593523,1.6038451444756028,3,6839648.366305614,1.5101872606287658,0.5256481484744825,0.7662337662337663,69.0,0.4375,0.6555555555555556,0.9362586953447212
20250409_1_ATP_100uM_component_178,OPC,1.0,66.73422008653117,2.2339611334837337,3,7417487.203122072,7.163559788938228,1.1604344978565644,0.9534883720930233,41.0,1.0,0.8367346938775511,0.5343333460811409
20250409_1_ATP_100uM_component_181,OPC,1.0,105.36209973575183,1.9959628732838177,5,14842830.76616772,2.5831367062885215,0.5393729402914652,0.8354430379746836,95.0,0.7058823529411765,0.375,0.9620373040553415
20250409_1_ATP_100uM_component_182,Astro,1.0,53.1896210989186,1.5335599818756427,5,5148314.734880059,2.9585796266948527,0.69492467086457,0.8297872340425532,78.0,0.5625,0.65,0.8927473088907535
20250409_1_ATP_100uM_component_188,OPC,1.0,41.7336298538016,1.4733461402122636,6,3158187.514283862,2.1208403393419335,0.9686534547685071,0.9523809523809523,60.0,0.6666666666666666,0.7792207792207793,0.8492448286060414
20250409_1_ATP_100uM_component_189,Astro,1.0,31.06273905583842,1.5424804877958467,8,1481370.0872083209,1.7821198198957404,1.0780241689052943,0.9423076923076923,59.0,1.0,0.765625,0.3868080376009921
20250409_1_ATP_100uM_component_192,OPC,1.0,128.13252563585488,1.0375971009444451,0,28803726.65585384,-0.04208467565008345,1.0460654464067178,0.9347826086956522,43.0,1.25,0.6825396825396826,0.6685036466344746
20250409_1_ATP_100uM_component_193,Oli,1.0,426.8392611887479,6.941106457495826,2,189330986.07368615,50.67757209681892,0.4573099919780088,0.684931506849315,102.0,1.7272727272727273,0.5555555555555556,0.854750118829131
20250409_1_ATP_100uM_component_195,OPC,1.0,110.5795510855905,7.20366832294765,1,12733729.841012588,54.41138199809988,1.125827139189302,0.8387096774193549,59.0,2.0,0.7222222222222222,0.9061272020226019
20250409_1_ATP_100uM_component_196,OPC,1.0,58.59285228621938,2.363941529174776,8,4657795.9013875825,6.033451879025588,0.8665767536865824,0.8392857142857143,47.0,1.375,0.6714285714285714,0.7794337950711208
20250409_1_ATP_100uM_component_199,Astro,1.0,61.746301744566786,2.7284988957712124,7,5213715.366180565,8.237159699371293,1.0969830947828771,0.95,38.0,1.2857142857142858,0.7916666666666666,0.6547747429039376
20250409_1_ATP_100uM_component_200,OPC,1.0,102.53671947633806,1.7408124185643867,9,15264562.888264276,2.3615269396487486,0.8679131967508709,0.9193548387096774,57.0,0.6153846153846154,0.6785714285714286,0.8491095241424407
20250409_1_ATP_100uM_component_202,OPC,1.0,777.1300254647941,1.139818129330422,0,820272640.5268947,-0.6687228702919015,1.1005023051819018,0.9767441860465116,42.0,1.125,0.75,0.7743704492324622
20250409_1_ATP_100uM_component_204,OPC,1.0,43.79732311120583,1.0986592816877394,3,3763246.8225177415,1.110270566612158,1.1454006794618754,0.9714285714285714,34.0,0.7777777777777778,0.7083333333333334,0.7000750437691922
20250409_1_ATP_100uM_component_207,Astro,1.0,96.58608970685613,1.755526997619255,7,14008209.255301291,2.27214624939395,0.7028330310148119,0.819672131147541,58.0,0.6153846153846154,0.5952380952380952,0.9271049929249682
20250409_1_ATP_100uM_component_209,OPC,1.0,71.1862196554392,1.6268334902839194,4,8209264.800586985,2.285492959530309,0.9910774287279808,0.9456521739130435,87.0,0.9230769230769231,0.6590909090909091,0.6246315279041856
20250409_1_ATP_100uM_component_217,OPC,1.0,82.89898678816495,2.050151797730436,7,10468178.024604835,4.468996201485399,0.8541172658744797,0.875,44.0,1.5714285714285714,0.5833333333333334,0.8543139263244568
20250409_1_ATP_100uM_component_220,OPC,1.0,57.937619079635866,1.824394483610268,3,5093185.819168257,2.908045499067935,0.7663037572514328,0.8181818181818182,126.0,0.875,0.6461538461538462,0.6724219659673882
20250409_1_ATP_100uM_component_222,OPC,1.0,26.237808746101972,1.2699144621964618,6,1246703.5506640892,1.6689130408249229,0.851579164724091,0.9154929577464789,66.0,1.3,0.6018518518518519,0.8571057758588404
20250409_1_ATP_100uM_component_228,Astro,1.0,220.36738520108352,4.315764454427702,2,58677196.151549004,21.371647892411875,0.4649754862546646,0.6408450704225352,101.0,1.1333333333333333,0.40625,0.578057102791305
20250409_1_ATP_100uM_component_231,OPC,0.8333,78.58163945377277,1.3304979861938853,2,12757278.784442397,2.3562487382567827,0.9345933003629702,0.9176470588235294,78.0,1.1818181818181819,0.65,0.590657921714279
20250409_1_ATP_100uM_component_233,OPC,1.0,50.720383339279465,2.085545144793653,6,3841944.4831817206,4.794040545115275,1.0181287778766264,0.9620253164556962,76.0,1.1818181818181819,0.6333333333333333,0.5020328905744659
20250409_1_ATP_100uM_component_236,OPC,0.8,91.25342415572545,0.893818686807332,0,13456352.035015363,-0.6693281690946593,1.0531197300295012,0.9444444444444444,35.0,1.125,0.6071428571428571,0.7053846100049563
20250409_1_ATP_100uM_component_237,OPC,1.0,17.842568028304207,1.9733094630388024,6,571657.8023461335,5.631647250126569,0.976134018142262,0.8695652173913043,40.0,0.5833333333333334,0.6060606060606061,0.8884996876282967
20250409_1_ATP_100uM_component_255,OPC,1.0,110.54990102306502,1.869493209195554,6,18028153.267596312,3.5968628614875175,1.347530211131618,1.0,20.0,1.0,0.8,0.638168270197698
20250409_1_ATP_100uM_component_259,Oli,1.0,137.12554345477776,5.797012791545186,2,21425221.515118677,35.67977112610751,1.1106924012725319,0.9459459459459459,35.0,1.0,0.7142857142857143,0.2723757696320851
20250409_1_ATP_100uM_component_261,OPC,1.0,45.72598097792963,1.591871795434422,4,3257939.8745546695,1.6027984556392871,1.0472242640569591,0.9428571428571428,35.0,0.7777777777777778,0.6875,0.8095852975224321
20250409_1_ATP_100uM_component_263,OPC,1.0,160.36157388429902,3.4979452975385694,11,31148597.248128485,11.972195812217262,1.092220794828071,0.8918918918918919,37.0,1.0,0.673469387755102,0.4561055621787538
20250409_1_ATP_100uM_component_264,OPC,1.0,45.6394165602032,2.2231383011952786,9,3079256.1773553295,4.877608185336205,1.5571460217520925,1.0,15.0,1.0,0.8125,0.523556754446835
20250409_1_ATP_100uM_component_277,OPC,1.0,42.59274471895,1.5473287101191802,3,3122244.0640821913,2.69974908690675,1.612290114395414,1.0,10.0,0.8,0.8333333333333334,0.6123724356957946
20250409_1_ATP_100uM_component_279,Oli,1.0,290.62382431750086,2.6010811880123943,11,102358478.26242505,5.548544776606029,1.2083268721137757,1.0,40.0,0.75,0.9142857142857143,0.7033422281262138
20250409_1_ATP_100uM_component_28,OPC,1.0,42.76153444747582,1.1765771620964174,2,3014597.56469047,0.2628100333402834,1.1005023051819018,0.9545454545454546,42.0,1.125,0.75,0.5728963386666233
20250409_1_ATP_100uM_component_280,OPC,1.0,758.1013051941269,4.910357074313432,6,613839360.2665864,24.07236282140548,1.137914400511144,0.9743589743589743,38.0,0.7777777777777778,0.7916666666666666,0.7230168335603182
20250409_1_ATP_100uM_component_281,OPC,0.75,1323.3404141229796,5.867952020859439,3,1837211550.949806,35.84046761420599,0.5004567730427744,0.7702702702702703,177.0,0.6818181818181818,0.5816326530612245,0.8337643205125861
20250409_1_ATP_100uM_component_293,OPC,1.0,144.32650584310247,1.5689327222249279,5,30420824.05972431,1.2748358981364314,0.7061139313189188,0.7619047619047619,76.0,0.5,0.5818181818181818,0.9090221649112847
20250409_1_ATP_100uM_component_294,OPC,1.0,113.39098126649006,1.5943901453336824,6,18956752.35666722,1.9311078805148227,0.3226437217071247,0.6808510638297872,195.0,1.7142857142857142,0.5351170568561873,0.7872460547004897
20250409_1_ATP_100uM_component_3,OPC,1.0,210.68691678460328,0.7692432375184146,1,80667590.6958939,-0.6791368559051536,0.8771758658629762,0.8979591836734694,44.0,1.0,0.6875,0.8015322326171866
20250409_1_ATP_100uM_component_33,Astro,1.0,16.188685621608833,1.3541961707097272,3,433996.710333882,1.5771271838605703,1.0106476583487132,0.9523809523809523,60.0,1.5,0.7792207792207793,0.7715250920748209
20250409_1_ATP_100uM_component_35,OPC,1.0,83.56432393642413,1.6631722645124816,6,10666568.271398092,1.988994484418937,0.9875276950671911,0.9245283018867925,49.0,1.2222222222222223,0.6125,0.6860172228080642
20250409_1_ATP_100uM_component_46,Astro,1.0,31.90168722116658,1.9582389052966251,2,1473107.946454314,4.902047573954829,0.8715129584583665,0.7560975609756098,79.0,0.7,0.5740740740740741,0.8082377164711116
20250409_1_ATP_100uM_component_49,OPC,1.0,26.5152908321366,2.1341978389994387,9,1059326.0749990097,4.774262474334624,0.5022733565910202,0.6704545454545454,59.0,1.2727272727272727,0.45384615384615384,0.7588984997015792
20250409_1_ATP_100uM_component_57,OPC,1.0,24.98761174687404,2.4847711156850925,10,850309.1952355311,6.505981407969365,1.1678595163140693,1.0,39.0,1.0,0.7959183673469388,0.7137939168615876
20250409_1_ATP_100uM_component_63,OPC,1.0,16.310071818784706,1.3155622317783267,6,456181.7896833153,0.9961350678167582,0.7495636799419626,0.8640776699029126,89.0,0.7333333333333333,0.6357142857142857,0.8323888257976853
20250409_1_ATP_100uM_component_81,Astro,1.0,14.904787529429905,1.178195355580663,4,384333.6033652085,0.5237244427594496,0.5632797177882128,0.7634408602150538,75.0,0.5882352941176471,0.4930555555555556,0.9105263593288262
20250409_1_ATP_100uM_component_83,OPC,1.0,63.61407268174562,1.5697490257031248,5,6821178.644613178,1.983431863550127,1.0472242640569591,0.9705882352941176,66.0,1.1,0.7333333333333333,0.6588581430521617
20250409_1_ATP_100uM_component_84,OPC,1.0,42.37759670547879,1.876692981093362,8,3185357.1138490946,3.9720361938026603,0.7710525671237108,0.8705882352941177,74.0,1.7777777777777777,0.6166666666666667,0.871979191135238
20250409_1_ATP_100uM_component_87,Oli,1.0,112.54622571860212,5.837730637010874,2,14516885.813220493,44.57872009488543,0.8924284028103419,0.9295774647887324,66.0,0.6153846153846154,0.7857142857142857,0.8534840954419397
20250409_1_ATP_100uM_component_9,Astro,1.0,49.3571991628161,2.2340338338746917,11,3038395.2367512686,3.9924645606762974,1.000266869492826,0.9333333333333333,42.0,1.25,0.6666666666666666,0.636136264956488
20250409_1_ATP_100uM_component_92,Astro,1.0,1035.0957641627872,5.761214285426299,1,1126795514.802662,33.851995762664146,0.557141283053042,0.7605633802816901,54.0,2.0,0.5142857142857142,0.9441008894628939
20250409_1_ATP_100uM_component_93,OPC,1.0,35.58405054510544,1.8586954544757939,6,1965553.7477195826,3.561377781708166,0.5748692511434321,0.765625,60.0,0.75,0.5568181818181818,0.8943857690108495
20250409_1_ATP_100uM_component_94,Astro,1.0,228.20313237243795,4.658154674612734,5,59455165.12819802,24.003627651223937,0.8852008021443688,0.9481481481481482,128.0,1.5,0.6844919786096256,0.7822676907439119
20250409_1_ATP_100uM_component_95,Astro,1.0,85.51399912084537,2.395062017187765,5,10044109.922237363,5.824005497071493,1.1005023051819018,0.9545454545454546,55.0,0.8888888888888888,0.75,0.7193226718498523
20250409_1_ATP_100uM_component_99,OPC,0.8,106.64768908186419,1.048934333463331,0,19901922.339818984,0.22913990746008484,0.6751434689229129,0.9538461538461539,126.0,0.5,0.5904761904761905,0.927206903527484
20250409_3_Glut_1mM_component_100,OPC,1.0,168.0260169631552,0.627585055983604,0,47462082.90667631,-1.1219055851685191,0.7696127048829099,0.9090909090909091,40.0,0.8,0.5,0.9421473021520296
20250409_3_Glut_1mM_component_102,OPC,1.0,81.26846235261019,2.0693886559364953,6,10162630.503991095,4.224557615392962,1.17056665736022,0.96875,31.0,1.4,0.8857142857142857,0.692039739397115
20250409_3_Glut_1mM_component_107,OPC,1.0,182.56711389282668,0.9501926265256543,1,51794151.52214871,-0.4189693521373834,1.1559981640761263,0.9803921568627451,50.0,1.0,0.78125,0.2938911124714593
20250409_3_Glut_1mM_component_117,OPC,1.0,174.42988807314256,1.1849124529964639,1,49729884.0755303,0.12999653298651115,0.6305859790701074,0.7777777777777778,117.0,1.2727272727272727,0.45454545454545453,0.9125335579928584
20250409_3_Glut_1mM_component_134,OPC,0.8,34.162899365081664,1.4926105746032658,4,1733913.4749375924,1.592584542567078,1.0922207948280716,0.9166666666666666,33.0,0.8571428571428571,0.7857142857142857,0.5962422754295239
20250409_3_Glut_1mM_component_138,OPC,1.0,56.291388829837906,0.9105623132162394,0,5362532.811090423,-0.5631343312280981,0.47583321667744266,0.7490774907749077,200.0,1.0454545454545454,0.40118577075098816,0.9304127666621455
20250409_3_Glut_1mM_component_139,Oli,0.75,3021.910044801412,2.647853537650538,11,10571142063.76805,5.74966609936031,0.49068272378699684,0.6770186335403726,109.0,1.1428571428571428,0.48660714285714285,0.7724147335546743
20250409_3_Glut_1mM_component_144,Oli,1.0,3273.7113854157647,2.2671268596398697,3,12584361627.916746,3.4139623970433357,1.293629002686353,1.0,40.0,1.0,0.8333333333333334,0.4509717590117594
20250409_3_Glut_1mM_component_15,OPC,1.0,497.6139625979552,0.9593967629133113,0,363885543.3466814,-0.8967591643955992,1.1328782007946037,0.9607843137254902,56.0,1.0,0.765625,0.25519740693812937
20250409_3_Glut_1mM_component_150,OPC,0.75,1493.655588226897,3.028307163467154,15,2538992539.830934,8.333209956095734,0.6625149171129792,0.7608695652173914,105.0,1.0,0.4666666666666667,0.6287752055958905
20250409_3_Glut_1mM_component_151,OPC,1.0,254.88581502694007,1.529769620418153,4,95322189.08013597,2.2968751972634776,0.6392938771376829,0.8189655172413793,106.0,1.5454545454545454,0.5080213903743316,0.8852541456750447
20250409_3_Glut_1mM_component_152,OPC,0.75,820.9347701770641,2.1434762477870795,7,820892435.0895588,3.1638015481570774,0.97416072802632,0.9629629629629629,52.0,1.8333333333333333,0.7878787878787878,0.8508031552234524
20250409_3_Glut_1mM_component_153,OPC,1.0,2089.326628244903,1.6173116461187493,0,5598286226.9557,0.9295309296118237,0.6667298060868756,0.905511811023622,115.0,0.4,0.71875,0.92444570205837
20250409_3_Glut_1mM_component_158,OPC,1.0,221.04111075471877,0.7082085861227156,0,76707123.02934688,-1.2815511675286315,0.7085347914109775,0.918918918918919,97.0,0.5,0.6938775510204082,0.8992848948757839
20250409_3_Glut_1mM_component_165,OPC,1.0,1006.1330593593856,0.15460894564932792,0,2045269988.7399895,-1.7907287146993571,1.070392549811525,0.9565217391304348,44.0,0.7777777777777778,0.6984126984126984,0.7038984078185737
20250409_3_Glut_1mM_component_168,OPC,1.0,760.7971246537402,1.6385923403433558,0,774804161.0563258,1.256974278233824,1.0218949976689091,0.9285714285714286,39.0,1.5,0.7222222222222222,0.8416565503253441
20250409_3_Glut_1mM_component_172,OPC,0.75,1346.0515542122755,2.028247384355751,8,2296108980.0046062,2.971928938285221,1.2947179437652612,1.0,28.0,1.0,0.7777777777777778,0.6201736729460422
20250409_3_Glut_1mM_component_175,OPC,1.0,21.652127176894616,1.1390336299147723,4,772204.0779833475,0.32449922024835054,0.9598477689685256,0.8387096774193549,31.0,2.5,0.65,0.9325135443249138
20250409_3_Glut_1mM_component_176,OPC,1.0,504.9674276725982,1.1213106520231213,0,369636899.5078074,-0.4050155223682057,1.0190756179418248,0.9375,45.0,0.8888888888888888,0.625,0.6729427344750812
20250409_3_Glut_1mM_component_177,OPC,1.0,386.9507804126786,1.226351954884379,1,213573078.9362129,0.042141445487428264,0.6378841236126,0.8064516129032258,100.0,1.0,0.5102040816326531,0.8623345171321768
20250409_3_Glut_1mM_component_178,OPC,1.0,586.6713162185654,0.5726693959647984,0,556126751.4427109,-1.580475590630126,0.723407289543919,0.9310344827586207,54.0,1.2,0.45,0.9360631487602066
20250409_3_Glut_1mM_component_18,OPC,1.0,428.76200032484894,1.7064989793808971,3,258934385.69448298,2.8535957865282606,0.887428685560122,0.9230769230769231,48.0,1.8333333333333333,0.7272727272727273,0.8431152788877544
20250409_3_Glut_1mM_component_183,OPC,1.0,172.98932943602068,0.6569859523206667,0,47770335.827187166,-1.3486916656496972,1.2503645434029416,1.0,34.0,0.8571428571428571,0.8095238095238095,0.6277433712160546
20250409_3_Glut_1mM_component_190,OPC,0.75,599.4231735038628,0.9214779875286937,0,536822273.63724583,-0.9383588999958747,0.5483914918733689,0.7419354838709677,79.0,0.6666666666666666,0.5702479338842975,0.585603759701315
20250409_3_Glut_1mM_component_20,OPC,1.0,220.4254862960972,0.7514970422580848,0,75971175.56731917,-1.1622211397235838,1.2053120485325592,1.0,46.0,0.875,0.8214285714285714,0.5031602126912892
20250409_3_Glut_1mM_component_200,OPC,0.9231,191.90519244557493,0.7315633044319363,0,58415635.8561358,-1.118209526633891,0.9183168846230286,0.971830985915493,69.0,1.5,0.71875,0.8329925457919009
20250409_3_Glut_1mM_component_204,OPC,1.0,298.0044633151344,0.6966191923692252,0,140582028.36958665,-1.241911183322241,0.9266945897448863,0.9305555555555556,67.0,1.2222222222222223,0.6767676767676768,0.790880593765589
20250409_3_Glut_1mM_component_205,OPC,1.0,239.20558877702672,1.4162526808905367,0,80049557.80302505,0.5013168996629394,0.4779251763602261,0.722972972972973,107.0,1.1428571428571428,0.47767857142857145,0.9053324603416177
20250409_3_Glut_1mM_component_206,OPC,1.0,218.35619881045815,0.8832769758936759,0,72445224.1722816,-0.8865450728988393,0.8983534740877455,0.6976744186046512,63.0,1.4285714285714286,0.42857142857142855,0.9251560330403068
20250409_3_Glut_1mM_component_209,OPC,1.0,208.35531054928663,0.8105647736386987,0,66961786.39345154,-0.9919057998707514,0.9216268707820511,0.9285714285714286,26.0,0.5,0.8125,0.9108416430262626
20250409_3_Glut_1mM_component_21,OPC,1.0,320.09571041103817,1.3626322117314298,3,142421765.16691434,0.6097701224996399,1.1321312174210385,0.975609756097561,40.0,0.75,0.8333333333333334,0.745021823459158
20250409_3_Glut_1mM_component_211,OPC,1.0,275.1254244710207,0.990312945468687,0,111657138.1746055,-0.7047925553730949,0.5162372080733806,0.7282608695652174,134.0,1.0555555555555556,0.391812865497076,0.9396210667999447
20250409_3_Glut_1mM_component_212,OPC,1.0,189.8401705098322,0.87031653945692,0,53563287.17447983,-1.0697809310092834,0.9328753281440607,0.9230769230769231,108.0,1.1818181818181819,0.7552447552447552,0.3970443079770866
20250409_3_Glut_1mM_component_213,OPC,0.9524,191.26369734876485,0.7194920081064892,0,57355160.60985097,-1.2442385744384763,0.8574075595397144,0.9043478260869565,115.0,0.8,0.5777777777777777,0.7275690807971269
20250409_3_Glut_1mM_component_214,OPC,0.9524,110.98817613549735,0.9909533754695067,2,19137207.82672862,-0.1399971072488535,0.7054859987394143,0.8529411764705882,58.0,0.6923076923076923,0.49572649572649574,0.8190080921105262
20250409_3_Glut_1mM_component_217,OPC,1.0,232.5190427696831,0.8293484238302082,0,81875000.26440136,-1.1547205876456483,0.7856400649930091,0.8521739130434782,98.0,1.0833333333333333,0.6282051282051282,0.836147638333857
20250409_3_Glut_1mM_component_218,OPC,1.0,178.4014384687825,3.453890888065443,6,35242599.03545068,10.853221759890678,1.0600238673807667,0.9655172413793104,112.0,1.0,0.7636363636363637,0.6094303171094154
20250409_3_Glut_1mM_component_222,OPC,1.0,370.12803431209005,1.2267854070642146,3,200229794.42745364,0.26695928845321504,0.8202020099817772,0.9142857142857143,32.0,1.0,0.5,0.9260495404760672
20250409_3_Glut_1mM_component_225,OPC,1.0,264.981299320472,1.7752106764891278,5,95448984.60406199,2.4673532618452887,0.8783900635524622,0.9361702127659575,132.0,1.0714285714285714,0.6285714285714286,0.6971983458926077
20250409_3_Glut_1mM_component_226,OPC,1.0,102.95211332016483,1.397954429384544,5,15542586.880499976,1.1520615343611746,0.8250857838024526,0.8739495798319328,147.0,1.0,0.6153846153846154,0.5943567463781197
20250409_3_Glut_1mM_component_232,OPC,0.9565,874.7202103295617,0.6721705448721526,0,1549653903.7019238,-0.603496579595963,0.5302953117211562,0.79,239.0,1.625,0.6076923076923076,0.8928407688485854
20250409_3_Glut_1mM_component_233,OPC,0.8,225.3016471282772,1.5011494460086807,0,67305043.62667899,0.6414706297046235,0.9569162736033232,0.9625,102.0,1.2,0.6416666666666667,0.8001845397052829
20250409_3_Glut_1mM_component_235,OPC,1.0,300.85659388827503,0.7138144494910645,0,141412242.79816762,-1.2923693747100136,0.7456995622981223,0.8721804511278195,147.0,0.5,0.6373626373626373,0.4539731394706857
20250409_3_Glut_1mM_component_237,OPC,1.0,340.60025587230086,0.8711674971543973,0,179758657.850187,-0.7949483360948038,0.5731924750534964,0.7894736842105263,255.0,1.3157894736842106,0.5368421052631579,0.853214069919802
20250409_3_Glut_1mM_component_238,OPC,1.0,129.84935969563313,0.9062951764085186,0,25290591.2460827,-0.9098621216343958,1.2505080359301415,1.0,29.0,0.7142857142857143,0.8285714285714286,0.6943207788666134
20250409_3_Glut_1mM_component_247,OPC,1.0,132.3060085034083,1.6605243437966513,5,23023204.434574958,1.3711212239090012,2.0309803908983444,0.8888888888888888,8.0,1.3333333333333333,0.6666666666666666,0.8124097554365945
20250409_3_Glut_1mM_component_250,Oli,1.0,297.36429422111246,2.178116184856901,4,135731353.02623183,5.773097196569795,1.217151102948507,0.9565217391304348,22.0,1.2,0.7333333333333333,0.7863020272486577
20250409_3_Glut_1mM_component_251,OPC,1.0,216.97245581370728,1.0506693783736045,0,69406007.69948438,-0.6564484694060728,1.2576948637228433,0.9545454545454546,21.0,0.8333333333333334,0.7,0.7429881364958281
20250409_3_Glut_1mM_component_252,OPC,1.0,256.81528006217934,2.170257505511061,8,91251616.4176743,5.557384257630272,1.0635183109500363,0.92,23.0,1.0,0.6388888888888888,0.8328954707465531
20250409_3_Glut_1mM_component_256,OPC,0.96,1002.0645514086077,0.997834003300934,0,1510041170.149118,-0.5490380010370823,1.6931479507424014,0.9166666666666666,19.0,1.6666666666666667,0.7333333333333333,0.8468413944019118
20250409_3_Glut_1mM_component_265,Oli,1.0,1646.061368504427,2.862743065112142,11,3300127322.655259,7.56785568333448,1.347530211131618,1.0,20.0,0.6666666666666666,0.8333333333333334,0.7302967433402214
20250409_3_Glut_1mM_component_278,OPC,1.0,377.4660729766914,1.3279533820687224,3,205581806.23965344,0.6108524823009311,2.0943951023931953,1.0,8.0,1.5,1.0,0.7905694150420949
20250409_3_Glut_1mM_component_28,Oli,1.0,534.291578246959,1.8885327296900438,7,422200565.59181076,3.007412796605638,0.8662656313772014,0.8983050847457628,106.0,1.1666666666666667,0.6309523809523809,0.5228246830002818
20250409_3_Glut_1mM_component_30,OPC,1.0,273.3614969499182,1.014897214798382,0,113637740.66755772,-0.5110749353171387,1.0780241689052943,0.9423076923076923,49.0,1.2857142857142858,0.7777777777777778,0.6308876904659647
20250409_3_Glut_1mM_component_31,OPC,1.0,305.09980479427907,1.8566204942966595,1,132898876.89511532,3.9013338118176186,1.135817967213163,1.0,42.0,1.0,0.65625,0.687050996680066
20250409_3_Glut_1mM_component_32,OPC,1.0,61.276921336839564,2.571894194330433,6,4466857.3947934015,5.903652679926685,1.0195257983459975,0.9642857142857143,27.0,0.5,0.84375,0.868378472764796
20250409_3_Glut_1mM_component_36,OPC,1.0,177.44690616425427,1.176568259477146,0,44745012.111877516,-0.24581725096306029,0.7215119108277279,0.872093023255814,75.0,1.75,0.6696428571428571,0.8973173418825793
20250409_3_Glut_1mM_component_39,OPC,1.0,286.2796633418575,1.8029439409991082,1,103814833.29665351,1.8998158052056562,0.5687753258606155,0.7619047619047619,88.0,1.5,0.5333333333333333,0.8551722882618031
20250409_3_Glut_1mM_component_42,OPC,1.0,209.3191048056839,1.4857644616445398,4,57623209.62692504,0.6976516248131546,0.7629587882902433,0.825,34.0,1.6666666666666667,0.55,0.8569713969716165
20250409_3_Glut_1mM_component_44,OPC,0.8333,782.5357331666146,0.8365952628479578,0,942980644.9248303,-0.9903775087738653,1.0116284483350249,0.9473684210526315,54.0,0.7,0.7714285714285715,0.7416101712576146
20250409_3_Glut_1mM_component_47,OPC,1.0,202.68122249100858,2.2121919148233715,2,54540178.30434944,5.000550847142916,1.0049521225536397,0.9428571428571428,66.0,0.7272727272727273,0.75,0.7187370717926294
20250409_3_Glut_1mM_component_48,OPC,0.8889,206.75057231732015,0.7809199832291873,0,66492799.242474854,-1.107581443401589,1.051175952546438,0.95,38.0,0.6666666666666666,0.7037037037037037,0.8004534951620453
20250409_3_Glut_1mM_component_53,OPC,1.0,241.0297548673639,1.1887728105011688,1,85021173.23581351,0.11384753577530349,1.089941049746501,1.0,52.0,0.6,0.8666666666666667,0.7832359344102432
20250409_3_Glut_1mM_component_65,OPC,1.0,187.73385476519826,1.1612131122997318,0,50321840.67465891,-0.32611887010981677,0.7319212417629103,0.8055555555555556,31.0,1.1428571428571428,0.5918367346938775,0.7317915569590772
20250409_3_Glut_1mM_component_69,OPC,1.0,639.5499093346984,1.5109877271024745,4,578378092.9300787,1.1046654509824831,0.8043239929002227,0.9322033898305084,55.0,2.1666666666666665,0.7051282051282052,0.9153184666314685
20250409_3_Glut_1mM_component_7,OPC,0.8,116.70955963938289,3.5607581188276938,6,15860735.845860668,13.405875824383752,1.1741605384881055,1.0,37.0,0.75,0.7708333333333334,0.6131556659218289
20250409_3_Glut_1mM_component_70,OPC,1.0,190.53380722561985,0.6713990680070157,0,57036418.82439375,-1.396208613701589,1.2860574036336336,1.0,27.0,1.2,0.9,0.5724125976557584
20250409_3_Glut_1mM_component_74,OPC,0.8,504.35639830865614,2.9164074800008346,14,313931966.67457443,8.842463173300294,0.8777816005617554,0.9305555555555556,67.0,1.1,0.6090909090909091,0.8319842040521842
20250409_3_Glut_1mM_component_75,OPC,1.0,148.66460913602626,1.141058470063453,0,32351779.60215503,-0.09983656176323485,0.851291071744645,0.9130434782608695,84.0,1.0909090909090908,0.6363636363636364,0.8050481199582915
20250409_3_Glut_1mM_component_79,OPC,1.0,205.87137047952714,1.5088188398820246,0,55624833.33031478,0.5261002727850332,1.179109612694895,0.9782608695652174,45.0,0.875,0.8035714285714286,0.5596540302118516
20250409_3_Glut_1mM_component_9,OPC,1.0,567.9357196305176,1.0856099720471077,0,498094277.161917,-0.18479196410881382,0.9377734075522065,0.9272727272727272,51.0,1.125,0.7083333333333334,0.6828783331369879
20250409_3_Glut_1mM_component_93,OPC,1.0,232.63099495961634,6.069103396935519,2,58499547.02250265,39.68070134257943,0.5020702907849091,0.7391304347826086,60.0,1.7142857142857142,0.6071428571428571,0.8290982268243637
20250409_3_Glut_1mM_component_94,OPC,0.8,564.4653396274953,-0.02730981176760626,0,701526176.7348151,-1.833181487726608,0.43547879490593583,0.5757575757575758,57.0,1.5,0.38,0.8293253291475263
20250409_3_Glut_1mM_component_95,OPC,0.75,466.0378448983993,0.6482917791930315,0,363751435.7776221,-1.308043115222663,0.8236592974532845,0.9130434782608695,43.0,0.5454545454545454,0.6363636363636364,0.8919263356216677
20250409_3_Glut_1mM_component_99,OPC,1.0,98.46342897668823,0.36536262372437495,0,19724408.090094347,-1.3573161101143676,0.8758946372355518,0.8666666666666667,26.0,1.0,0.5306122448979592,0.8977383817748131
20250409_5_Glut_100uM_component_390,OPC,1.0,61.6558199692904,1.8199256479239005,10,7813618.003635122,2.9059370876113926,0.9694901259935803,0.9736842105263158,37.0,1.8333333333333333,0.74,0.8723315578455032
